Detector, Extractor,Mean, Cemera based TTC,,,,,,,,,,,
SIFT,SIFT,,13.5449,,,,,,,,,,,
SIFT,SIFT,,14.7038,,,,,,,,,,,
SIFT,SIFT,,12.7476,,,,,,,,Detector,Extractor,mean_ttc,var_ttc
SIFT,SIFT,,18.195,,,,,,,,SIFT,SIFT,12.11,6.3
SIFT,SIFT,,12.8413,,,,,,,,SIFT,BRIEF,13.33,9.88
SIFT,SIFT,,11.5246,,,,,,,,AKAZE,AKAZE,13.54,7.54
SIFT,SIFT,,14.9995,,,,,,,,,,,
SIFT,SIFT,,14.0802,,,,,,,,,,,
SIFT,SIFT,,12.2322,,,,,,,,,,,
SIFT,SIFT,,11.7029,,,,,,,,,,,
SIFT,SIFT,,12.8143,,,,,,,,,,,
SIFT,SIFT,,12.118,,,,,,,,,,,
SIFT,SIFT,,10.2178,,,,,,,,,,,
SIFT,SIFT,,9.33618,,,,,,,,,,,
SIFT,SIFT,,10.4909,,,,,,,,,,,
SIFT,SIFT,,8.67122,,,,,,,,,,,
SIFT,SIFT,,8.91498,,,,,,,,,,,
SIFT,SIFT,,8.75899,,,,,,,,,,,
------------------------------------------------,,12.10524278,6.303756264,,,,,,,,,,,
SIFT,BRISK,,14.8146,,,,,,,,,,,
SIFT,BRISK,,15.4605,,,,,,,,,,,
SIFT,BRISK,,15.4963,,,,,,,,,,,
SIFT,BRISK,,21.9719,,,,,,,,,,,
SIFT,BRISK,,19.215,,,,,,,,,,,
SIFT,BRISK,,17.5039,,,,,,,,,,,
SIFT,BRISK,,17.4038,,,,,,,,,,,
SIFT,BRISK,,15.5756,,,,,,,,,,,
SIFT,BRISK,,14.6939,,,,,,,,,,,
SIFT,BRISK,,12.3211,,,,,,,,,,,
SIFT,BRISK,,13.511,,,,,,,,,,,
SIFT,BRISK,,12.2824,,,,,,,,,,,
SIFT,BRISK,,10.9153,,,,,,,,,,,
SIFT,BRISK,,11.1893,,,,,,,,,,,
SIFT,BRISK,,10.5142,,,,,,,,,,,
SIFT,BRISK,,8.72479,,,,,,,,,,,
SIFT,BRISK,,10.3907,,,,,,,,,,,
SIFT,BRISK,,11.7597,,,,,,,,,,,
------------------------------------------------,,14.09688833,11.9934817,,,,,,,,,,,
SIFT,BRIEF,,12.7896,,,,,,,,,,,
SIFT,BRIEF,,14.3014,,,,,,,,,,,
SIFT,BRIEF,,14.9992,,,,,,,,,,,
SIFT,BRIEF,,20.5143,,,,,,,,,,,
SIFT,BRIEF,,16.6424,,,,,,,,,,,
SIFT,BRIEF,,18.0627,,,,,,,,,,,
SIFT,BRIEF,,14.619,,,,,,,,,,,
SIFT,BRIEF,,16.1712,,,,,,,,,,,
SIFT,BRIEF,,13.7396,,,,,,,,,,,
SIFT,BRIEF,,11.9605,,,,,,,,,,,
SIFT,BRIEF,,13.6163,,,,,,,,,,,
SIFT,BRIEF,,12.0517,,,,,,,,,,,
SIFT,BRIEF,,10.1282,,,,,,,,,,,
SIFT,BRIEF,,9.00602,,,,,,,,,,,
SIFT,BRIEF,,10.857,,,,,,,,,,,
SIFT,BRIEF,,9.50039,,,,,,,,,,,
SIFT,BRIEF,,10.3451,,,,,,,,,,,
SIFT,BRIEF,,10.7317,,,,,,,,,,,
------------------------------------------------,,13.33535056,9.875881844,,,,,,,,,,,
SIFT,FREAK,,14.9161,,,,,,,,,,,
SIFT,FREAK,,14.3369,,,,,,,,,,,
SIFT,FREAK,,15.5012,,,,,,,,,,,
SIFT,FREAK,,22.7348,,,,,,,,,,,
SIFT,FREAK,,17.6487,,,,,,,,,,,
SIFT,FREAK,,13.1919,,,,,,,,,,,
SIFT,FREAK,,16.5771,,,,,,,,,,,
SIFT,FREAK,,15.7795,,,,,,,,,,,
SIFT,FREAK,,15.5326,,,,,,,,,,,
SIFT,FREAK,,12.318,,,,,,,,,,,
SIFT,FREAK,,13.5711,,,,,,,,,,,
SIFT,FREAK,,12.064,,,,,,,,,,,
SIFT,FREAK,,9.70703,,,,,,,,,,,
SIFT,FREAK,,11.8723,,,,,,,,,,,
SIFT,FREAK,,9.75792,,,,,,,,,,,
SIFT,FREAK,,9.0902,,,,,,,,,,,
SIFT,FREAK,,9.52392,,,,,,,,,,,
SIFT,FREAK,,9.18159,,,,,,,,,,,
------------------------------------------------,,13.51693667,12.7351385,,,,,,,,,,,
SHITOMASI,SIFT,,13.6954,,,,,,,,,,,
SHITOMASI,SIFT,,13.0927,,,,,,,,,,,
SHITOMASI,SIFT,,14.7151,,,,,,,,,,,
SHITOMASI,SIFT,,13.0335,,,,,,,,,,,
SHITOMASI,SIFT,,12.1312,,,,,,,,,,,
SHITOMASI,SIFT,,22.3648,,,,,,,,,,,
SHITOMASI,SIFT,,13.3607,,,,,,,,,,,
SHITOMASI,SIFT,,14.4704,,,,,,,,,,,
SHITOMASI,SIFT,,12.0075,,,,,,,,,,,
SHITOMASI,SIFT,,14.2609,,,,,,,,,,,
SHITOMASI,SIFT,,11.4507,,,,,,,,,,,
SHITOMASI,SIFT,,12.558,,,,,,,,,,,
SHITOMASI,SIFT,,12.1679,,,,,,,,,,,
SHITOMASI,SIFT,,12.9138,,,,,,,,,,,
SHITOMASI,SIFT,,11.0507,,,,,,,,,,,
SHITOMASI,SIFT,,11.8542,,,,,,,,,,,
SHITOMASI,SIFT,,11.8304,,,,,,,,,,,
SHITOMASI,SIFT,,10.0181,,,,,,,,,,,
------------------------------------------------,,13.16533333,6.760709773,,,,,,,,,,,
SHITOMASI,BRISK,,13.826,,,,,,,,,,,
SHITOMASI,BRISK,,14.2465,,,,,,,,,,,
SHITOMASI,BRISK,,14.0112,,,,,,,,,,,
SHITOMASI,BRISK,,12.382,,,,,,,,,,,
SHITOMASI,BRISK,,12.2642,,,,,,,,,,,
SHITOMASI,BRISK,,34.9881,,,,,,,,,,,
SHITOMASI,BRISK,,12.5645,,,,,,,,,,,
SHITOMASI,BRISK,,27.2431,,,,,,,,,,,
SHITOMASI,BRISK,,12.4152,,,,,,,,,,,
SHITOMASI,BRISK,,13.8648,,,,,,,,,,,
SHITOMASI,BRISK,,11.4238,,,,,,,,,,,
SHITOMASI,BRISK,,13.347,,,,,,,,,,,
SHITOMASI,BRISK,,12.1208,,,,,,,,,,,
SHITOMASI,BRISK,,13.1872,,,,,,,,,,,
SHITOMASI,BRISK,,10.2478,,,,,,,,,,,
SHITOMASI,BRISK,,10.347,,,,,,,,,,,
SHITOMASI,BRISK,,12.5689,,,,,,,,,,,
SHITOMASI,BRISK,,11.0733,,,,,,,,,,,
------------------------------------------------,,14.5623,39.39962832,,,,,,,,,,,
SHITOMASI,BRIEF,,13.6954,,,,,,,,,,,
SHITOMASI,BRIEF,,13.0387,,,,,,,,,,,
SHITOMASI,BRIEF,,12.0672,,,,,,,,,,,
SHITOMASI,BRIEF,,13.0335,,,,,,,,,,,
SHITOMASI,BRIEF,,11.8924,,,,,,,,,,,
SHITOMASI,BRIEF,,22.3648,,,,,,,,,,,
SHITOMASI,BRIEF,,13.497,,,,,,,,,,,
SHITOMASI,BRIEF,,14.4704,,,,,,,,,,,
SHITOMASI,BRIEF,,12.0008,,,,,,,,,,,
SHITOMASI,BRIEF,,14.2609,,,,,,,,,,,
SHITOMASI,BRIEF,,11.4293,,,,,,,,,,,
SHITOMASI,BRIEF,,12.352,,,,,,,,,,,
SHITOMASI,BRIEF,,12.152,,,,,,,,,,,
SHITOMASI,BRIEF,,12.9138,,,,,,,,,,,
SHITOMASI,BRIEF,,11.0507,,,,,,,,,,,
SHITOMASI,BRIEF,,11.8542,,,,,,,,,,,
SHITOMASI,BRIEF,,11.8855,,,,,,,,,,,
SHITOMASI,BRIEF,,10.0181,,,,,,,,,,,
------------------------------------------------,,12.99870556,6.71411183,,,,,,,,,,,
SHITOMASI,FREAK,,13.813,,,,,,,,,,,
SHITOMASI,FREAK,,13.0249,,,,,,,,,,,
SHITOMASI,FREAK,,12.0507,,,,,,,,,,,
SHITOMASI,FREAK,,12.5351,,,,,,,,,,,
SHITOMASI,FREAK,,12.0934,,,,,,,,,,,
SHITOMASI,FREAK,,39.1118,,,,,,,,,,,
SHITOMASI,FREAK,,13.3192,,,,,,,,,,,
SHITOMASI,FREAK,,13.9733,,,,,,,,,,,
SHITOMASI,FREAK,,12.2047,,,,,,,,,,,
SHITOMASI,FREAK,,14.635,,,,,,,,,,,
SHITOMASI,FREAK,,11.2038,,,,,,,,,,,
SHITOMASI,FREAK,,12.6801,,,,,,,,,,,
SHITOMASI,FREAK,,12.439,,,,,,,,,,,
SHITOMASI,FREAK,,12.0411,,,,,,,,,,,
SHITOMASI,FREAK,,10.7245,,,,,,,,,,,
SHITOMASI,FREAK,,10.2644,,,,,,,,,,,
SHITOMASI,FREAK,,11.8169,,,,,,,,,,,
SHITOMASI,FREAK,,11.0733,,,,,,,,,,,
------------------------------------------------,,13.83356667,41.0947664,,,,,,,,,,,
FAST,SIFT,,12.3974,,,,,,,,,,,
FAST,SIFT,,11.8439,,,,,,,,,,,
FAST,SIFT,,24.9911,,,,,,,,,,,
FAST,SIFT,,14.2854,,,,,,,,,,,
FAST,SIFT,,372.474,,,,,,,,,,,
FAST,SIFT,,14.1576,,,,,,,,,,,
FAST,SIFT,,13.3198,,,,,,,,,,,
FAST,SIFT,,12.7603,,,,,,,,,,,
FAST,SIFT,,13.2738,,,,,,,,,,,
FAST,SIFT,,12.5921,,,,,,,,,,,
FAST,SIFT,,14.3108,,,,,,,,,,,
FAST,SIFT,,12.1692,,,,,,,,,,,
FAST,SIFT,,12.5624,,,,,,,,,,,
FAST,SIFT,,13.0112,,,,,,,,,,,
FAST,SIFT,,11.7805,,,,,,,,,,,
FAST,SIFT,,12.1996,,,,,,,,,,,
FAST,SIFT,,11.0742,,,,,,,,,,,
FAST,SIFT,,12.0433,,,,,,,,,,,
------------------------------------------------,,33.40258889,7169.823921,,,,,,,,,,,
FAST,BRISK,,12.2019,,,,,,,,,,,
FAST,BRISK,,11.3651,,,,,,,,,,,
FAST,BRISK,,14.0617,,,,,,,,,,,
FAST,BRISK,,12.6268,,,,,,,,,,,
FAST,BRISK,,#NAME?,,,,,,,,,,,
FAST,BRISK,,13.4302,,,,,,,,,,,
FAST,BRISK,,12.7282,,,,,,,,,,,
FAST,BRISK,,12.1352,,,,,,,,,,,
FAST,BRISK,,#NAME?,,,,,,,,,,,
FAST,BRISK,,13.7007,,,,,,,,,,,
FAST,BRISK,,13.0631,,,,,,,,,,,
FAST,BRISK,,11.8008,,,,,,,,,,,
FAST,BRISK,,12.5741,,,,,,,,,,,
FAST,BRISK,,11.711,,,,,,,,,,,
FAST,BRISK,,12.2393,,,,,,,,,,,
FAST,BRISK,,12.8351,,,,,,,,,,,
FAST,BRISK,,10.8,,,,,,,,,,,
FAST,BRISK,,12.63,,,,,,,,,,,
------------------------------------------------,,#NAME?,#NAME?,,,,,,,,,,,
FAST,BRIEF,,12.3254,,,,,,,,,,,
FAST,BRIEF,,12.5287,,,,,,,,,,,
FAST,BRIEF,,14.8637,,,,,,,,,,,
FAST,BRIEF,,13.8308,,,,,,,,,,,
FAST,BRIEF,,#NAME?,,,,,,,,,,,
FAST,BRIEF,,13.6067,,,,,,,,,,,
FAST,BRIEF,,13.5893,,,,,,,,,,,
FAST,BRIEF,,12.4894,,,,,,,,,,,
FAST,BRIEF,,13.4042,,,,,,,,,,,
FAST,BRIEF,,12.4804,,,,,,,,,,,
FAST,BRIEF,,13.9008,,,,,,,,,,,
FAST,BRIEF,,12.0198,,,,,,,,,,,
FAST,BRIEF,,12.539,,,,,,,,,,,
FAST,BRIEF,,13.0112,,,,,,,,,,,
FAST,BRIEF,,11.8844,,,,,,,,,,,
FAST,BRIEF,,12.1771,,,,,,,,,,,
FAST,BRIEF,,10.6212,,,,,,,,,,,
FAST,BRIEF,,12.5637,,,,,,,,,,,
------------------------------------------------,,#NAME?,#NAME?,,,,,,,,,,,
FAST,FREAK,,12.0672,,,,,,,,,,,
FAST,FREAK,,24.1261,,,,,,,,,,,
FAST,FREAK,,13.752,,,,,,,,,,,
FAST,FREAK,,13.0998,,,,,,,,,,,
FAST,FREAK,,#NAME?,,,,,,,,,,,
FAST,FREAK,,12.6664,,,,,,,,,,,
FAST,FREAK,,12.7282,,,,,,,,,,,
FAST,FREAK,,11.4454,,,,,,,,,,,
FAST,FREAK,,12.3427,,,,,,,,,,,
FAST,FREAK,,12.1195,,,,,,,,,,,
FAST,FREAK,,12.9428,,,,,,,,,,,
FAST,FREAK,,13.4186,,,,,,,,,,,
FAST,FREAK,,12.863,,,,,,,,,,,
FAST,FREAK,,12.332,,,,,,,,,,,
FAST,FREAK,,13.0796,,,,,,,,,,,
FAST,FREAK,,12.5622,,,,,,,,,,,
FAST,FREAK,,11.0288,,,,,,,,,,,
FAST,FREAK,,13.5185,,,,,,,,,,,
------------------------------------------------,,#NAME?,#NAME?,,,,,,,,,,,
HARRIS,SIFT,,8.81335,,,,,,,,,,,
HARRIS,SIFT,,10.195,,,,,,,,,,,
HARRIS,SIFT,,-18.2644,,,,,,,,,,,
HARRIS,SIFT,,11.3951,,,,,,,,,,,
HARRIS,SIFT,,44.9166,,,,,,,,,,,
HARRIS,SIFT,,#NAME?,,,,,,,,,,,
HARRIS,SIFT,,12.9162,,,,,,,,,,,
HARRIS,SIFT,,12.9162,,,,,,,,,,,
HARRIS,SIFT,,nan,,,,,,,,,,,
HARRIS,SIFT,,10.2931,,,,,,,,,,,
HARRIS,SIFT,,23.3405,,,,,,,,,,,
HARRIS,SIFT,,23.3896,,,,,,,,,,,
HARRIS,SIFT,,568.322,,,,,,,,,,,
HARRIS,SIFT,,5.55228,,,,,,,,,,,
HARRIS,SIFT,,-14.7808,,,,,,,,,,,
HARRIS,SIFT,,6.39784,,,,,,,,,,,
HARRIS,SIFT,,nan,,,,,,,,,,,
HARRIS,SIFT,,nan,,,,,,,,,,,
------------------------------------------------,,#NAME?,#NAME?,,,,,,,,,,,
HARRIS,BRISK,,#NAME?,,,,,,,,,,,
HARRIS,BRISK,,nan,,,,,,,,,,,
HARRIS,BRISK,,-80.8525,,,,,,,,,,,
HARRIS,BRISK,,11.3951,,,,,,,,,,,
HARRIS,BRISK,,#NAME?,,,,,,,,,,,
HARRIS,BRISK,,nan,,,,,,,,,,,
HARRIS,BRISK,,12.2,,,,,,,,,,,
HARRIS,BRISK,,12.9162,,,,,,,,,,,
HARRIS,BRISK,,nan,,,,,,,,,,,
HARRIS,BRISK,,nan,,,,,,,,,,,
HARRIS,BRISK,,#NAME?,,,,,,,,,,,
HARRIS,BRISK,,23.3896,,,,,,,,,,,
HARRIS,BRISK,,#NAME?,,,,,,,,,,,
HARRIS,BRISK,,nan,,,,,,,,,,,
HARRIS,BRISK,,-14.7808,,,,,,,,,,,
HARRIS,BRISK,,6.60338,,,,,,,,,,,
HARRIS,BRISK,,nan,,,,,,,,,,,
HARRIS,BRISK,,nan,,,,,,,,,,,
------------------------------------------------,,#NAME?,#NAME?,,,,,,,,,,,
HARRIS,BRIEF,,8.81335,,,,,,,,,,,
HARRIS,BRIEF,,nan,,,,,,,,,,,
HARRIS,BRIEF,,-18.2644,,,,,,,,,,,
HARRIS,BRIEF,,11.3951,,,,,,,,,,,
HARRIS,BRIEF,,44.9166,,,,,,,,,,,
HARRIS,BRIEF,,27.2434,,,,,,,,,,,
HARRIS,BRIEF,,13.1905,,,,,,,,,,,
HARRIS,BRIEF,,12.9162,,,,,,,,,,,
HARRIS,BRIEF,,nan,,,,,,,,,,,
HARRIS,BRIEF,,10.2931,,,,,,,,,,,
HARRIS,BRIEF,,#NAME?,,,,,,,,,,,
HARRIS,BRIEF,,23.3896,,,,,,,,,,,
HARRIS,BRIEF,,#NAME?,,,,,,,,,,,
HARRIS,BRIEF,,5.55228,,,,,,,,,,,
HARRIS,BRIEF,,-14.7808,,,,,,,,,,,
HARRIS,BRIEF,,6.39784,,,,,,,,,,,
HARRIS,BRIEF,,nan,,,,,,,,,,,
HARRIS,BRIEF,,nan,,,,,,,,,,,
------------------------------------------------,,#NAME?,#NAME?,,,,,,,,,,,
HARRIS,FREAK,,8.81335,,,,,,,,,,,
HARRIS,FREAK,,nan,,,,,,,,,,,
HARRIS,FREAK,,-18.2644,,,,,,,,,,,
HARRIS,FREAK,,11.36,,,,,,,,,,,
HARRIS,FREAK,,#NAME?,,,,,,,,,,,
HARRIS,FREAK,,nan,,,,,,,,,,,
HARRIS,FREAK,,#NAME?,,,,,,,,,,,
HARRIS,FREAK,,12.3725,,,,,,,,,,,
HARRIS,FREAK,,nan,,,,,,,,,,,
HARRIS,FREAK,,10.2931,,,,,,,,,,,
HARRIS,FREAK,,#NAME?,,,,,,,,,,,
HARRIS,FREAK,,#NAME?,,,,,,,,,,,
HARRIS,FREAK,,13.4095,,,,,,,,,,,
HARRIS,FREAK,,12.1403,,,,,,,,,,,
HARRIS,FREAK,,#NAME?,,,,,,,,,,,
HARRIS,FREAK,,6.33929,,,,,,,,,,,
HARRIS,FREAK,,nan,,,,,,,,,,,
HARRIS,FREAK,,nan,,,,,,,,,,,
------------------------------------------------,,#NAME?,#NAME?,,,,,,,,,,,
BRISK,SIFT,,13.2775,,,,,,,,,,,
BRISK,SIFT,,18.3232,,,,,,,,,,,
BRISK,SIFT,,15.2779,,,,,,,,,,,
BRISK,SIFT,,12.3404,,,,,,,,,,,
BRISK,SIFT,,24.475,,,,,,,,,,,
BRISK,SIFT,,15.7841,,,,,,,,,,,
BRISK,SIFT,,13.9862,,,,,,,,,,,
BRISK,SIFT,,16.0418,,,,,,,,,,,
BRISK,SIFT,,15.191,,,,,,,,,,,
BRISK,SIFT,,13.9297,,,,,,,,,,,
BRISK,SIFT,,12.0228,,,,,,,,,,,
BRISK,SIFT,,12.6385,,,,,,,,,,,
BRISK,SIFT,,11.8439,,,,,,,,,,,
BRISK,SIFT,,14.625,,,,,,,,,,,
BRISK,SIFT,,13.5689,,,,,,,,,,,
BRISK,SIFT,,11.7118,,,,,,,,,,,
BRISK,SIFT,,11.5342,,,,,,,,,,,
BRISK,SIFT,,12.7487,,,,,,,,,,,
------------------------------------------------,,14.4067,9.587841041,,,,,,,,,,,
BRISK,BRISK,,15.5376,,,,,,,,,,,
BRISK,BRISK,,25.2795,,,,,,,,,,,
BRISK,BRISK,,15.4132,,,,,,,,,,,
BRISK,BRISK,,16.3238,,,,,,,,,,,
BRISK,BRISK,,32.6437,,,,,,,,,,,
BRISK,BRISK,,25.8569,,,,,,,,,,,
BRISK,BRISK,,21.7178,,,,,,,,,,,
BRISK,BRISK,,18.6689,,,,,,,,,,,
BRISK,BRISK,,16.5198,,,,,,,,,,,
BRISK,BRISK,,14.4224,,,,,,,,,,,
BRISK,BRISK,,14.9556,,,,,,,,,,,
BRISK,BRISK,,14.1105,,,,,,,,,,,
BRISK,BRISK,,12.4894,,,,,,,,,,,
BRISK,BRISK,,14.5558,,,,,,,,,,,
BRISK,BRISK,,12.5586,,,,,,,,,,,
BRISK,BRISK,,15.3126,,,,,,,,,,,
BRISK,BRISK,,10.7061,,,,,,,,,,,
BRISK,BRISK,,13.941,,,,,,,,,,,
------------------------------------------------,,17.27851111,31.63221215,,,,,,,,,,,
BRISK,BRIEF,,14.174,,,,,,,,,,,
BRISK,BRIEF,,21.8677,,,,,,,,,,,
BRISK,BRIEF,,14.6331,,,,,,,,,,,
BRISK,BRIEF,,25.0373,,,,,,,,,,,
BRISK,BRIEF,,17.0227,,,,,,,,,,,
BRISK,BRIEF,,26.278,,,,,,,,,,,
BRISK,BRIEF,,21.1501,,,,,,,,,,,
BRISK,BRIEF,,20.2889,,,,,,,,,,,
BRISK,BRIEF,,20.5871,,,,,,,,,,,
BRISK,BRIEF,,13.2539,,,,,,,,,,,
BRISK,BRIEF,,16.3477,,,,,,,,,,,
BRISK,BRIEF,,16.5736,,,,,,,,,,,
BRISK,BRIEF,,13.3251,,,,,,,,,,,
BRISK,BRIEF,,14.307,,,,,,,,,,,
BRISK,BRIEF,,13.8292,,,,,,,,,,,
BRISK,BRIEF,,11.5719,,,,,,,,,,,
BRISK,BRIEF,,12.923,,,,,,,,,,,
BRISK,BRIEF,,15.1544,,,,,,,,,,,
------------------------------------------------,,17.12915,19.03025631,,,,,,,,,,,
BRISK,FREAK,,15.6863,,,,,,,,,,,
BRISK,FREAK,,22.3902,,,,,,,,,,,
BRISK,FREAK,,13.4607,,,,,,,,,,,
BRISK,FREAK,,14.4047,,,,,,,,,,,
BRISK,FREAK,,24.3352,,,,,,,,,,,
BRISK,FREAK,,17.143,,,,,,,,,,,
BRISK,FREAK,,19.238,,,,,,,,,,,
BRISK,FREAK,,19.6326,,,,,,,,,,,
BRISK,FREAK,,18.4336,,,,,,,,,,,
BRISK,FREAK,,13.0529,,,,,,,,,,,
BRISK,FREAK,,14.9571,,,,,,,,,,,
BRISK,FREAK,,12.0884,,,,,,,,,,,
BRISK,FREAK,,13.3923,,,,,,,,,,,
BRISK,FREAK,,15.0158,,,,,,,,,,,
BRISK,FREAK,,14.7998,,,,,,,,,,,
BRISK,FREAK,,10.5758,,,,,,,,,,,
BRISK,FREAK,,10.8834,,,,,,,,,,,
BRISK,FREAK,,12.8785,,,,,,,,,,,
------------------------------------------------,,15.68712778,14.59865396,,,,,,,,,,,
ORB,SIFT,,16.726,,,,,,,,,,,
ORB,SIFT,,9.78243,,,,,,,,,,,
ORB,SIFT,,35.1392,,,,,,,,,,,
ORB,SIFT,,15.5271,,,,,,,,,,,
ORB,SIFT,,#NAME?,,,,,,,,,,,
ORB,SIFT,,10.7502,,,,,,,,,,,
ORB,SIFT,,19.7168,,,,,,,,,,,
ORB,SIFT,,11.1725,,,,,,,,,,,
ORB,SIFT,,#NAME?,,,,,,,,,,,
ORB,SIFT,,#NAME?,,,,,,,,,,,
ORB,SIFT,,7.44098,,,,,,,,,,,
ORB,SIFT,,#NAME?,,,,,,,,,,,
ORB,SIFT,,9.55147,,,,,,,,,,,
ORB,SIFT,,45.1035,,,,,,,,,,,
ORB,SIFT,,13.594,,,,,,,,,,,
ORB,SIFT,,8.57488,,,,,,,,,,,
ORB,SIFT,,8.05327,,,,,,,,,,,
ORB,SIFT,,50.0669,,,,,,,,,,,
------------------------------------------------,,#NAME?,#NAME?,,,,,,,,,,,
ORB,BRISK,,16.6423,,,,,,,,,,,
ORB,BRISK,,43.6464,,,,,,,,,,,
ORB,BRISK,,#NAME?,,,,,,,,,,,
ORB,BRISK,,12.7359,,,,,,,,,,,
ORB,BRISK,,156.224,,,,,,,,,,,
ORB,BRISK,,10.2101,,,,,,,,,,,
ORB,BRISK,,#NAME?,,,,,,,,,,,
ORB,BRISK,,13.0429,,,,,,,,,,,
ORB,BRISK,,79.3417,,,,,,,,,,,
ORB,BRISK,,#NAME?,,,,,,,,,,,
ORB,BRISK,,7.71005,,,,,,,,,,,
ORB,BRISK,,#NAME?,,,,,,,,,,,
ORB,BRISK,,9.46671,,,,,,,,,,,
ORB,BRISK,,29.2257,,,,,,,,,,,
ORB,BRISK,,13.8404,,,,,,,,,,,
ORB,BRISK,,26.3083,,,,,,,,,,,
ORB,BRISK,,18.7607,,,,,,,,,,,
ORB,BRISK,,82.8811,,,,,,,,,,,
------------------------------------------------,,#NAME?,#NAME?,,,,,,,,,,,
ORB,BRIEF,,14.6721,,,,,,,,,,,
ORB,BRIEF,,-79.8419,,,,,,,,,,,
ORB,BRIEF,,29.5165,,,,,,,,,,,
ORB,BRIEF,,20.3583,,,,,,,,,,,
ORB,BRIEF,,25.0462,,,,,,,,,,,
ORB,BRIEF,,-48.152,,,,,,,,,,,
ORB,BRIEF,,#NAME?,,,,,,,,,,,
ORB,BRIEF,,53.0301,,,,,,,,,,,
ORB,BRIEF,,#NAME?,,,,,,,,,,,
ORB,BRIEF,,168.345,,,,,,,,,,,
ORB,BRIEF,,17.0883,,,,,,,,,,,
ORB,BRIEF,,24.2831,,,,,,,,,,,
ORB,BRIEF,,13.1358,,,,,,,,,,,
ORB,BRIEF,,17.3568,,,,,,,,,,,
ORB,BRIEF,,8.34236,,,,,,,,,,,
ORB,BRIEF,,10.9531,,,,,,,,,,,
ORB,BRIEF,,13.442,,,,,,,,,,,
ORB,BRIEF,,22.8244,,,,,,,,,,,
------------------------------------------------,,#NAME?,#NAME?,,,,,,,,,,,
ORB,FREAK,,13.209,,,,,,,,,,,
ORB,FREAK,,#NAME?,,,,,,,,,,,
ORB,FREAK,,12.025,,,,,,,,,,,
ORB,FREAK,,11.2797,,,,,,,,,,,
ORB,FREAK,,-324.811,,,,,,,,,,,
ORB,FREAK,,10.6765,,,,,,,,,,,
ORB,FREAK,,127.339,,,,,,,,,,,
ORB,FREAK,,8.91581,,,,,,,,,,,
ORB,FREAK,,12.03,,,,,,,,,,,
ORB,FREAK,,#NAME?,,,,,,,,,,,
ORB,FREAK,,7.86174,,,,,,,,,,,
ORB,FREAK,,47.5656,,,,,,,,,,,
ORB,FREAK,,7.04454,,,,,,,,,,,
ORB,FREAK,,54.2226,,,,,,,,,,,
ORB,FREAK,,8.53497,,,,,,,,,,,
ORB,FREAK,,9.37082,,,,,,,,,,,
ORB,FREAK,,7.78738,,,,,,,,,,,
ORB,FREAK,,nan,,,,,,,,,,,
------------------------------------------------,,#NAME?,#NAME?,,,,,,,,,,,
AKAZE,SIFT,,12.8221,,,,,,,,,,,
AKAZE,SIFT,,17.5558,,,,,,,,,,,
AKAZE,SIFT,,15.7144,,,,,,,,,,,
AKAZE,SIFT,,16.1613,,,,,,,,,,,
AKAZE,SIFT,,16.7088,,,,,,,,,,,
AKAZE,SIFT,,18.7649,,,,,,,,,,,
AKAZE,SIFT,,16.1854,,,,,,,,,,,
AKAZE,SIFT,,15.1492,,,,,,,,,,,
AKAZE,SIFT,,17.0137,,,,,,,,,,,
AKAZE,SIFT,,11.8898,,,,,,,,,,,
AKAZE,SIFT,,12.3916,,,,,,,,,,,
AKAZE,SIFT,,11.3633,,,,,,,,,,,
AKAZE,SIFT,,12.5574,,,,,,,,,,,
AKAZE,SIFT,,11.9088,,,,,,,,,,,
AKAZE,SIFT,,12.5044,,,,,,,,,,,
AKAZE,SIFT,,9.75125,,,,,,,,,,,
AKAZE,SIFT,,9.38766,,,,,,,,,,,
AKAZE,SIFT,,8.92443,,,,,,,,,,,
------------------------------------------------,,13.70856889,9.006102417,,,,,,,,,,,
AKAZE,BRISK,,13.4119,,,,,,,,,,,
AKAZE,BRISK,,17.0539,,,,,,,,,,,
AKAZE,BRISK,,14.0557,,,,,,,,,,,
AKAZE,BRISK,,15.013,,,,,,,,,,,
AKAZE,BRISK,,17.15,,,,,,,,,,,
AKAZE,BRISK,,18.6343,,,,,,,,,,,
AKAZE,BRISK,,19.3677,,,,,,,,,,,
AKAZE,BRISK,,16.925,,,,,,,,,,,
AKAZE,BRISK,,20.8427,,,,,,,,,,,
AKAZE,BRISK,,14.8929,,,,,,,,,,,
AKAZE,BRISK,,13.7952,,,,,,,,,,,
AKAZE,BRISK,,14.0177,,,,,,,,,,,
AKAZE,BRISK,,12.524,,,,,,,,,,,
AKAZE,BRISK,,11.7128,,,,,,,,,,,
AKAZE,BRISK,,13.4686,,,,,,,,,,,
AKAZE,BRISK,,11.487,,,,,,,,,,,
AKAZE,BRISK,,10.1455,,,,,,,,,,,
AKAZE,BRISK,,9.13513,,,,,,,,,,,
------------------------------------------------,,14.64627944,10.12611354,,,,,,,,,,,
AKAZE,BRIEF,,14.5519,,,,,,,,,,,
AKAZE,BRIEF,,18.5858,,,,,,,,,,,
AKAZE,BRIEF,,15.1239,,,,,,,,,,,
AKAZE,BRIEF,,15.9317,,,,,,,,,,,
AKAZE,BRIEF,,15.6563,,,,,,,,,,,
AKAZE,BRIEF,,17.4948,,,,,,,,,,,
AKAZE,BRIEF,,18.274,,,,,,,,,,,
AKAZE,BRIEF,,14.9103,,,,,,,,,,,
AKAZE,BRIEF,,20.7168,,,,,,,,,,,
AKAZE,BRIEF,,15.1258,,,,,,,,,,,
AKAZE,BRIEF,,12.8309,,,,,,,,,,,
AKAZE,BRIEF,,13.1193,,,,,,,,,,,
AKAZE,BRIEF,,10.7943,,,,,,,,,,,
AKAZE,BRIEF,,10.7645,,,,,,,,,,,
AKAZE,BRIEF,,11.0517,,,,,,,,,,,
AKAZE,BRIEF,,10.7926,,,,,,,,,,,
AKAZE,BRIEF,,9.54166,,,,,,,,,,,
AKAZE,BRIEF,,9.41014,,,,,,,,,,,
------------------------------------------------,,14.14868889,11.12807207,,,,,,,,,,,
AKAZE,FREAK,,12.4997,,,,,,,,,,,
AKAZE,FREAK,,15.759,,,,,,,,,,,
AKAZE,FREAK,,15.0902,,,,,,,,,,,
AKAZE,FREAK,,13.9356,,,,,,,,,,,
AKAZE,FREAK,,16.7929,,,,,,,,,,,
AKAZE,FREAK,,19.118,,,,,,,,,,,
AKAZE,FREAK,,19.1238,,,,,,,,,,,
AKAZE,FREAK,,16.1605,,,,,,,,,,,
AKAZE,FREAK,,20.5554,,,,,,,,,,,
AKAZE,FREAK,,12.0294,,,,,,,,,,,
AKAZE,FREAK,,14.4844,,,,,,,,,,,
AKAZE,FREAK,,14.5307,,,,,,,,,,,
AKAZE,FREAK,,12.3613,,,,,,,,,,,
AKAZE,FREAK,,11.3418,,,,,,,,,,,
AKAZE,FREAK,,13.1551,,,,,,,,,,,
AKAZE,FREAK,,10.8672,,,,,,,,,,,
AKAZE,FREAK,,9.15012,,,,,,,,,,,
AKAZE,FREAK,,9.07368,,,,,,,,,,,
------------------------------------------------,,14.22382222,10.94080421,,,,,,,,,,,
AKAZE,AKAZE,,12.8767,,,,,,,,,,,
AKAZE,AKAZE,,16.9396,,,,,,,,,,,
AKAZE,AKAZE,,14.4571,,,,,,,,,,,
AKAZE,AKAZE,,16.3593,,,,,,,,,,,
AKAZE,AKAZE,,16.8012,,,,,,,,,,,
AKAZE,AKAZE,,17.1893,,,,,,,,,,,
AKAZE,AKAZE,,15.6164,,,,,,,,,,,
AKAZE,AKAZE,,15.3827,,,,,,,,,,,
AKAZE,AKAZE,,17.0137,,,,,,,,,,,
AKAZE,AKAZE,,13.1756,,,,,,,,,,,
AKAZE,AKAZE,,12.3289,,,,,,,,,,,
AKAZE,AKAZE,,11.2456,,,,,,,,,,,
AKAZE,AKAZE,,12.4478,,,,,,,,,,,
AKAZE,AKAZE,,11.8424,,,,,,,,,,,
AKAZE,AKAZE,,11.0872,,,,,,,,,,,
AKAZE,AKAZE,,10.63,,,,,,,,,,,
AKAZE,AKAZE,,9.22986,,,,,,,,,,,
AKAZE,AKAZE,,9.10702,,,,,,,,,,,
------------------------------------------------,,13.54057667,7.539098159,,,,,,,,,,,
,,,,,,,,,,,,,,
,,,,,,,,,,,,,,
,,,,,,,,,,,,,,
,,,,,,,,,,,,,,
,,,,,,,,,,,,,,
,,,,,,,,,,,,,,
,,,,,,,,,,,,,,
,,,,,,,,,,,,,,
,,,,,,,,,,,,,,
,,,,,,,,,,,,,,
,,,,,,,,,,,,,,
,,,,,,,,,,,,,,
,,,,,,,,,,,,,,
,,,,,,,,,,,,,,
,,,,,,,,,,,,,,
,,,,,,,,,,,,,,
,,,,,,,,,,,,,,
,,,,,,,,,,,,,,
,,,,,,,,,,,,,,
,,,,,,,,,,,,,,
,,,,,,,,,,,,,,
,,,,,,,,,,,,,,
,,,,,,,,,,,,,,
,,,,,,,,,,,,,,
,,,,,,,,,,,,,,
,,,,,,,,,,,,,,
,,,,,,,,,,,,,,
,,,,,,,,,,,,,,
,,,,,,,,,,,,,,
,,,,,,,,,,,,,,
,,,,,,,,,,,,,,
,,,,,,,,,,,,,,
,,,,,,,,,,,,,,
,,,,,,,,,,,,,,
,,,,,,,,,,,,,,
,,,,,,,,,,,,,,
,,,,,,,,,,,,,,
,,,,,,,,,,,,,,
,,,,,,,,,,,,,,
,,,,,,,,,,,,,,
,,,,,,,,,,,,,,
,,,,,,,,,,,,,,
,,,,,,,,,,,,,,
,,,,,,,,,,,,,,
,,,,,,,,,,,,,,
,,,,,,,,,,,,,,
,,,,,,,,,,,,,,
,,,,,,,,,,,,,,
,,,,,,,,,,,,,,
,,,,,,,,,,,,,,
,,,,,,,,,,,,,,
,,,,,,,,,,,,,,
,,,,,,,,,,,,,,
,,,,,,,,,,,,,,
,,,,,,,,,,,,,,
,,,,,,,,,,,,,,
,,,,,,,,,,,,,,
,,,,,,,,,,,,,,
,,,,,,,,,,,,,,
,,,,,,,,,,,,,,
,,,,,,,,,,,,,,
,,,,,,,,,,,,,,
,,,,,,,,,,,,,,
,,,,,,,,,,,,,,
,,,,,,,,,,,,,,
,,,,,,,,,,,,,,
,,,,,,,,,,,,,,
,,,,,,,,,,,,,,
